{"cameraMode":{"drawMode":0,"name":"Shaded","section":"Shading Mode"},"sceneLighting":false,"audioPlay":false,"sceneViewState":{"showFog":true,"showMaterialUpdate":false,"showSkybox":false,"showFlares":true,"showImageEffects":true,"showParticleSystems":true,"showVisualEffectGraphs":true,"m_FxEnabled":true},"in2DMode":false,"pivot":{"x":0.7540000081062317,"y":1.4869999885559083,"z":-0.2808484137058258},"rotation":{"x":0.017582353204488756,"y":0.10985767841339112,"z":0.0019444194622337819,"w":-0.9937931299209595},"size":1.8000000715255738,"orthographic":false}