{"cameraMode":{"drawMode":0,"name":"Shaded","section":"Shading Mode"},"sceneLighting":false,"audioPlay":false,"sceneViewState":{"showFog":true,"showMaterialUpdate":false,"showSkybox":false,"showFlares":true,"showImageEffects":true,"showParticleSystems":true,"showVisualEffectGraphs":true,"m_FxEnabled":true},"in2DMode":false,"pivot":{"x":0.4766217768192291,"y":0.6265014410018921,"z":0.40755677223205569},"rotation":{"x":-0.047970641404390338,"y":0.745679497718811,"z":-0.05402275174856186,"w":-0.6624098420143127},"size":1.5726616382598878,"orthographic":false}