{"cameraMode":{"drawMode":0,"name":"Shaded","section":"Shading Mode"},"sceneLighting":false,"audioPlay":false,"sceneViewState":{"showFog":true,"showMaterialUpdate":false,"showSkybox":false,"showFlares":true,"showImageEffects":true,"showParticleSystems":true,"showVisualEffectGraphs":true,"m_FxEnabled":true},"in2DMode":false,"pivot":{"x":3.157528877258301,"y":1.5536905527114869,"z":0.5344235897064209},"rotation":{"x":0.1820691078901291,"y":-0.04803751781582832,"z":0.008907193318009377,"w":0.9820894598960877},"size":2.3658857345581056,"orthographic":false}