{"cameraMode":{"drawMode":0,"name":"Shaded","section":"Shading Mode"},"sceneLighting":false,"audioPlay":false,"sceneViewState":{"showFog":true,"showMaterialUpdate":false,"showSkybox":false,"showFlares":true,"showImageEffects":true,"showParticleSystems":true,"showVisualEffectGraphs":true,"m_FxEnabled":true},"in2DMode":false,"pivot":{"x":0.4766217768192291,"y":0.6265014410018921,"z":0.40755677223205569},"rotation":{"x":-0.015527885407209397,"y":0.9812734723091126,"z":-0.16976499557495118,"w":-0.0897403359413147},"size":61.27421188354492,"orthographic":false}