{"cameraMode":{"drawMode":0,"name":"Shaded","section":"Shading Mode"},"sceneLighting":false,"audioPlay":false,"sceneViewState":{"showFog":true,"showMaterialUpdate":false,"showSkybox":false,"showFlares":true,"showImageEffects":true,"showParticleSystems":true,"showVisualEffectGraphs":true,"m_FxEnabled":true},"in2DMode":false,"pivot":{"x":0.02018296718597412,"y":1.4339191913604737,"z":0.28252899646759035},"rotation":{"x":0.08823201060295105,"y":0.17154166102409364,"z":0.01542687974870205,"w":-0.9811012744903565},"size":2.4950225353240969,"orthographic":false}