{"cameraMode":{"drawMode":0,"name":"Shaded","section":"Shading Mode"},"sceneLighting":true,"audioPlay":false,"sceneViewState":{"showFog":true,"showMaterialUpdate":false,"showSkybox":true,"showFlares":true,"showImageEffects":true,"showParticleSystems":true,"showVisualEffectGraphs":true,"m_FxEnabled":true},"in2DMode":false,"pivot":{"x":551.9805297851563,"y":1.8000001907348633,"z":415.79998779296877},"rotation":{"x":-0.10059642046689987,"y":0.028945304453372957,"z":-0.0029278902802616359,"w":-0.9945025444030762},"size":120.78985595703125,"orthographic":false}