{"cameraMode":{"drawMode":0,"name":"Shaded","section":"Shading Mode"},"sceneLighting":false,"audioPlay":false,"sceneViewState":{"showFog":true,"showMaterialUpdate":false,"showSkybox":false,"showFlares":true,"showImageEffects":true,"showParticleSystems":true,"showVisualEffectGraphs":true,"m_FxEnabled":true},"in2DMode":false,"pivot":{"x":-0.0010199546813964844,"y":1.4793592691421509,"z":0.0033600330352783205},"rotation":{"x":0.17027340829372407,"y":0.04789557680487633,"z":-0.008284633047878743,"w":0.9842156767845154},"size":2.983520269393921,"orthographic":false}