{"cameraMode":{"drawMode":0,"name":"Shaded","section":"Shading Mode"},"sceneLighting":false,"audioPlay":false,"sceneViewState":{"showFog":true,"showMaterialUpdate":false,"showSkybox":false,"showFlares":true,"showImageEffects":true,"showParticleSystems":true,"showVisualEffectGraphs":true,"m_FxEnabled":true},"in2DMode":false,"pivot":{"x":0.4612102508544922,"y":21.240999221801759,"z":0.39698028564453127},"rotation":{"x":0.017582353204488756,"y":0.10985767841339112,"z":0.0019444194622337819,"w":-0.9937931299209595},"size":39.57429504394531,"orthographic":false}